ID,Generic name
cid1,(-)- Cytisine; Sophorine; Ulexine; Cytiton; Laburnin; Cytisine
cid2,(-)-Gallocatechin gallate
cid3,(-)-Lobeline
cid4,(+)-Camptothecin
cid5,(S)-(+)-Flurbiprofen; Esflurbiprofen
cid6,(S)-(+)-Ibuprofen; Dexibuprofen
cid7,(S)-(+)-Ketoprofen; Dexketoprofen
cid8,(S)-Coriolic acid; (+)-Coriolic acid
cid9,[6]-Paradol
cid10,1-(o-Tolyl)biguanide; sopanox
cid11,17-Methyltestosterone; Methyltestosterone
cid12,1-Aminocyclohexanecarboxylic acid
cid13,1-Deoxygalactonojirimycin; Migalastat
cid14,3alpha-Androstanediol
cid15,4-Aminosalicylic Acid
cid16,4-Hydroxyandrostenedione; Formestane
cid17,4-Methyl-7-methoxycoumarin
cid18,5-Fluorodeoxyuridine; Doxifluridine
cid19,5-Hydroxytryptophan
cid20,5-Methoxypsoralen; Bergapten
cid21,Abacavir
cid22,Abiraterone acetate
cid23,Acamprosate
cid24,Acarbose
cid25,Acebutolol
cid26,Acecainide; N-Acetyl Procainamide
cid27,Aceclidine
cid28,Aceclofenac
cid29,Acemetacin
cid30,Acenocoumarol
cid31,Acepromazine
cid32,Acetaminophen
cid33,Acetazolamide
cid34,Acetohexamide
cid35,Acetophenazine
cid36,Acetylcholine chloride
cid37,Acetylcysteine
cid38,Acetylsalicylic acid
cid39,Acipimox
cid40,Acitretin (active metabolite of etretinate)
cid41,Aclidinium bromide
cid42,Aconitine
cid43,Acrivastine
cid44,Actarit
cid45,Acyclovir
cid46,Adapalene
cid47,Adefovir Dipivoxil
cid48,Adenine
cid49,Adenosine
cid50,Adenosine monophosphate
cid51,Adenosine triphosphate
cid52,Adinazolam
cid53,Adrafinil
cid54,Afatinib
cid55,Afimoxifene; 4-hydroxytamoxifen
cid56,Afloqualone
cid57,Agomelatine
cid58,Ajmalicine
cid59,Ajmaline
cid60,Alacepril
cid61,Alafosfalin
cid62,Albendazole
cid63,Alclofenac
cid64,Alclometasone
cid65,Alcuronium chloride
cid66,Alectinib
cid67,Alendronate
cid68,Alfacalcidol
cid69,Alfuzosin
cid70,Aliskiren
cid71,Alitretinoin
cid72,Allopurinol
cid73,Allylestrenol
cid74,Alminoprofen
cid75,Almitrine
cid76,Almotriptan
cid77,Alosetron
cid78,Alpha-Linolenic Acid
cid79,alpha-Tocoferol; Vitamin E; Vitamin Ealpha; alpha-Tocopherol
cid80,Alpidem
cid81,Alprazolam
cid82,Alprenolol
cid83,Alprostadil
cid84,Altizide
cid85,Altretamine
cid86,Alverine
cid87,Alvimopan hydrate
cid88,Amacetam hydrochloride; Pramiracetam hydrochloride
cid89,Amantadine
cid90,Ambenonium
cid91,Ambrisentan
cid92,Ambroxol
cid93,Amcinonide
cid94,Amdinocillin
cid95,Amezinium methylsulfate
cid96,Amfenac sodium
cid97,Amifampridine
cid98,Amiflamine
cid99,Amifostine
cid100,Amikacin
cid101,Amiloride
cid102,Amineptine
cid103,Aminoacridine
cid104,Aminocaproic Acid
cid105,Aminoglutethimide
cid106,Aminohippurate
cid107,Aminolevulinic acid
cid108,Aminolevulinic acid hexyl ester; Hexyl aminolevulinate; ALA hexyl ester; Hexaminolevulinate
cid109,Aminophenazone
cid110,Amiodarone
cid111,Amiprilose
cid112,Amisulpride
cid113,Amitriptyline
cid114,Amlexanox
cid115,Amlodipine
cid116,Amobarbital
cid117,Amodiaquine
cid118,Amorolfine
cid119,Amosulalol hydrochloride
cid120,Amoxapine
cid121,Amoxicillin
cid122,Amphetamine
cid123,Amphotericin B
cid124,Ampicillin
cid125,Ampiroxicam
cid126,Amprenavir
cid127,Amprolium
cid128,Amrinone
cid129,Amrubicin hydrochloride
cid130,Amsacrine
cid131,Anagrelide
cid132,Anastrozole
cid133,Ancitabine hydrochloride
cid134,Androstanolone; Dihydrotestosterone
cid135,Anecortave acetate
cid136,Anethole dithiolethione
cid137,Angiopeptin acetate; Lanreotide acetate
cid138,Anidulafungin
cid139,Aniracetam
cid140,Anisindione
cid141,Anisotropine Methylbromide
cid142,Antazoline
cid143,Antipyrine
cid144,Apalcillin sodium
cid145,Apazone; Azapropazone
cid146,Apixaban
cid147,Apomorphine Hydrochloride
cid148,Apovincamine
cid149,Apraclonidine (Aplonidine; p-Aminoclonidine)
cid150,Apremilast
cid151,Aprepitant
cid152,Aprindine
cid153,Arbidol
cid154,Arformoterol / Aformoterol
cid155,Argatroban
cid156,Aripiprazole
cid157,Arprinocid
cid158,Arteether
cid159,Artemether; Artemisininelactol methyl ether
cid160,Artesunate
cid161,Articaine hydrochloride
cid162,Asenapine
cid163,Aspartame
cid164,Astaxanthin
cid165,Astemizole
cid166,Ataluren
cid167,Atazanavir
cid168,Atenolol
cid169,Atomoxetine
cid170,Atorvastatin Calcium
cid171,Atosiban acetate
cid172,Atovaquone
cid173,Atracurium
cid174,Atropine sulfate
cid175,Aurintricarboxylic acid
cid176,Aurothioglucose
cid177,Aurothiomalate disodium
cid178,Avibactam
cid179,Axitinib
cid180,Azacitidine
cid181,Azaperone
cid182,Azaribine
cid183,Azasetron hydrochloride; Nazasetron hydrochloride
cid184,Azatadine
cid185,azathioprine
cid186,Azelaic Acid
cid187,Azelastine
cid188,Azelnidipine
cid189,Azithromycin
cid190,Azlocillin
cid191,Azosemide
cid192,Aztreonam
cid193,Bacampicillin
cid194,Bacitracin
cid195,Baclofen
cid196,Balsalazide
cid197,Bambuterol
cid198,Barnidipine hydrochloride; Mepirodipine hydrochloride
cid199,Bazedoxifene
cid200,Beclobrate
cid201,Beclomethasone
cid202,Bedaquiline
cid203,Bekanamycin
cid204,Belinostat
cid205,Belladona (Belladonnine)
cid206,Benazepril
cid207,Bendazac
cid208,Bendroflumethiazide
cid209,Benfluorex; N-(2-Benzoyloxyethyl)norfenfluramine
cid210,Benfotiamine
cid211,Benidipine hydrochloride
cid212,Benoxaprofen
cid213,Benperidol
cid214,benserazide
cid215,Bentazepam; Thiadipone
cid216,Bentiromide
cid217,Benzbromarone
cid218,Benzethonium chloride
cid219,Benznidazole
cid220,Benzocaine
cid221,Benzofuroxan
cid222,Benzonatate
cid223,Benzphetamine
cid224,Benzquinamide
cid225,Benzthiazide
cid226,Benztropine
cid227,Benzydamine hydrochloride
cid228,Benzyl Alcohol
cid229,Benzyl Benzoate
cid230,Benzylhydrazine
cid231,Benzylpenicilloyl Polylysine
cid232,Bepotastine
cid233,Bepridil
cid234,beta-Asarone
cid235,Betahistine
cid236,beta-Hydroxy beta-methylbutyrate (free acid)
cid237,Betaine
cid238,Betamethasone
cid239,Betamethasone dipropionate
cid240,Betamethasone sodium phosphate?
cid241,Betamethasone valerate
cid242,Betamipron
cid243,beta-Sitosterol
cid244,Betaxolol
cid245,Betazole
cid246,Bethanechol
cid247,Bethanidine
cid248,Bevantolol
cid249,Bexarotene
cid250,Bezafibrate
cid251,Bicalutamide
cid252,Bifendatatum
cid253,Bifonazole
cid254,Bimatoprost
cid255,Biotin
cid256,Biperiden
cid257,Bisoprolol
cid258,Bithionol
cid259,Bleomycin
cid260,Boceprevir
cid261,Bopindolol
cid262,Bortezomib
cid263,Bosentan
cid264,Bosutinib
cid265,Bretylium
cid266,Brimonidine
cid267,Brivudine
cid268,Brocrinat; halocrinic acid; HP-522
cid269,Bromazepam
cid270,Bromhexine hydrochloride
cid271,Bromocriptine
cid272,Bromodiphenhydramine
cid273,Bromopride
cid274,Bromperidol; Azurene
cid275,Brompheniramine
cid276,Brovincamine fumarate
cid277,bucladesine
cid278,Buclizine
cid279,Budesonide
cid280,Budipine hydrochloride
cid281,Bufexamac
cid282,Buflomedil hydrochloride
cid283,Buformin
cid284,Bufotenine
cid285,Bumetanide
cid286,Bunazosin hydrochloride
cid287,Bunitrolol
cid288,Buphenin
cid289,Bupivacaine
cid290,Bupropion (Amfebutamone)
cid291,Buserelin
cid292,Buspirone
cid293,Busulfan
cid294,Butabarbital
cid295,Butacaine
cid296,Butalbital
cid297,Butamben; Butyl Aminobenzoate
cid298,Butenafine
cid299,Butethal; Butobarbitone
cid300,Butibufen
cid301,butirosin
cid302,Butoconazole
cid303,Butorphanol
cid304,Butriptyline hydrochloride
cid305,Butylparaben
cid306,Butylscopolamine bromide; Hyoscine butylbromide
cid307,Cabagin; Ardesyl; Vitamin U; Cabagin U; Epadyn U; Merastom; U-Vit; Vitas U; Yucron
cid308,Cabergoline
cid309,Cabozantinib
cid310,Cadralazine
cid311,Caffeine
cid312,Calcipotriol
cid313,Calcitriol
cid314,Calcium pantothenate; Vitamin B5
cid315,Camazepam
cid316,Cambendazole
cid317,Camostat
cid318,Candesartan active compound (prodrug = XAA899)
cid319,Candesartan cilexetil
cid320,Canrenoate potassium
cid321,Canrenone
cid322,Cantharidin
cid323,Capecitabine
cid324,Captopril
cid325,Carbachol
cid326,Carbadox
cid327,Carbamazepine
cid328,Carbaril
cid329,Carbenicillin
cid330,Carbenoxolone sodium
cid331,Carbidopa
cid332,Carbimazole
cid333,Carbinoxamine
cid334,Carbocysteine; Carbocisteine; Carbocistein
cid335,Carboplatin
cid336,Carglumic acid
cid337,Cariprazine
cid338,Carisoprodol
cid339,Carmofur
cid340,Caroverine hydrochloride
cid341,Carpipramine
cid342,Carprofen
cid343,Carteolol
cid344,Carumonam sodium
cid345,Carvedilol
cid346,Cefacetrile
cid347,Cefaclor
cid348,Cefadroxil
cid349,Cefalotin (Cephalothin)
cid350,Cefamandole
cid351,Cefazedone
cid352,Cefazolin
cid353,Cefdinir
cid354,Cefepime
cid355,Cefetamet pivoxil
cid356,Cefixime
cid357,Cefmenoxime
cid358,Cefmetazole
cid359,Cefminox
cid360,Cefodizime
cid361,Cefonicid
cid362,Cefoperazone
cid363,Cefoselis sulfate
cid364,Cefotaxime
cid365,Cefotetan
cid366,Cefoxitin
cid367,Cefozopran
cid368,Cefpiramide
cid369,Cefpirome
cid370,Cefpodoxime
cid371,Cefpodoxime proxetil
cid372,Cefprozil
cid373,Cefradine
cid374,Cefroxadine
cid375,Ceftaroline
cid376,Ceftazidime
cid377,Ceftibuten
cid378,Ceftizoxime
cid379,Ceftriaxone
cid380,Cefuroxime
cid381,Cefuroxime axetil
cid382,Celecoxib
cid383,Celiprolol hydrochloride
cid384,Cephalexin
cid385,Cephaloglycin
cid386,Cephaloridine; Cefaloridine
cid387,Cephapirin
cid388,Ceramide; L-threo-C18-Ceramide
cid389,Ceritinib
cid390,Cerivastatin (Rivastatin)
cid391,Cerulenin
cid392,Cetilistat
cid393,Cetirizine
cid394,Cetraxate hydrochloride
cid395,Cetylpyridinium Chloride (monohydrate)
cid396,Cevimeline
cid397,Chenodeoxycholic acid; Chenodiol; Chenic acid
cid398,Chlophedianol
cid399,Chlorambucil
cid400,Chloramphenicol
cid401,Chlorazanil
cid402,Chlorcyclizine
cid403,Chlordiazepoxide
cid404,Chlorhexidine
cid405,Chlormadinone acetate
cid406,Chlormezanone
cid407,Chlorobutanol
cid408,Chloroprocaine
cid409,Chloropyramine
cid410,Chloroquine
cid411,Chlorothiazide
cid412,Chlorotrianisene
cid413,Chloroxine
cid414,Chloroxylenol
cid415,Chlorphenesin
cid416,Chlorpheniramine
cid417,Chlorphensin carbamate
cid418,Chlorphentermine Hydrochloride
cid419,Chlorproguanil hydrochloride
cid420,chlorpromazine
cid421,chlorpropamide
cid422,Chlorprothixene
cid423,Chlortetracycline
cid424,Chlorthalidone
cid425,Chlorzoxazone
cid426,Cholecalciferol (vitamin D3)
cid427,Cholic Acid
cid428,Choline glycerophosphate (alpha); Choline alfoscerate (alpha)
cid429,Chromocarb
cid430,Cianergoline
cid431,Ciclesonide
cid432,Cicletanine
cid433,Ciclopirox
cid434,Cidofovir
cid435,Cifenline succinate (free base); Cibenzoline succinate (free base)
cid436,Cilazapril
cid437,Cilostazol
cid438,Cimetidine
cid439,Cinacalcet
cid440,Cinaldipine; Cilnidipine
cid441,Cinalukast
cid442,Cinchophen
cid443,Cinitapride hygrogen tartrate
cid444,Cinnarizine
cid445,Cinnoxicam; Piroxicam cinnamate
cid446,Cinoxacin
cid447,Ciprofibrate
cid448,Ciprofloxacin
cid449,Ciramadol
cid450,cis-(+)-Khellactone
cid451,cis-9-trans-11-Conjugated linoleic acid
cid452,Cisapride
cid453,Cisplatin
cid454,Citalopram
cid455,Citicoline
cid456,Cladribine; Cladribin
cid457,Clarithromycin
cid458,Clavulanate
cid459,Clazolimine
cid460,Clebopride malate
cid461,Clemastine
cid462,Clemizole
cid463,Clenbuterol
cid464,Clidinium
cid465,Climbazole
cid466,Clindamycin
cid467,Clindamycin phosphate
cid468,Clinofibrate
cid469,Clioquinol; Iodochlorhydroxyquin
cid470,Clobazam
cid471,Clobenoside
cid472,Clobetasol propionate
cid473,Clobutinol
cid474,Clocortolone
cid475,Clofarabine
cid476,Clofazimine
cid477,clofibrate
cid478,Clofibric acid
cid479,Clofoctol
cid480,Clofop
cid481,"Clomifene, Clomiphene"
cid482,Clomipramine
cid483,Clonazepam
cid484,Clonidine HCl
cid485,Clopamide
cid486,Cloperastine
cid487,Clopidogrel
cid488,Cloprednol
cid489,Clotiapine
cid490,clotrimazole
cid491,Cloxacillin
cid492,Clozapine
cid493,Cobimetinib
cid494,Cocarboxylase; Thiamine pyrophosphate
cid495,Codeine
cid496,Coenzyme Q10; Ubidecarenone; Ubiquinone
cid497,colchicine
cid498,Colforsin daproate hydrochloride; NKH-477
cid499,Colforsin; Boforsin; Coleonol; Forskolin
cid500,Colistin
cid501,Cortisone acetate
cid502,Creatine
cid503,Cridanimod
cid504,Crisaborole
cid505,Crizotinib
cid506,Croconazole hydrochloride
cid507,Cromoglicic acid; cromolyn; cromoglycate
cid508,Crotamiton
cid509,Cyclacillin
cid510,Cyclandelate
cid511,Cyclizine
cid512,Cyclobenzaprine
cid513,Cycloheximide
cid514,Cyclopenthiazide
cid515,Cyclopentolate
cid516,Cyclophosphamide
cid517,Cycloserine
cid518,Cyclosporine A
cid519,Cyclothiazide
cid520,Cyproheptadine
cid521,Cyproterone
cid522,Cyproterone acetate
cid523,Cysteamine
cid524,Cytarabine
cid525,D&C Red No. 28
cid526,D-(+)-Pinitol; Pinitol
cid527,Dabigatran etexilate
cid528,Dabrafenib
cid529,Dacarbazine
cid530,Daclatasvir dihydrochloride
cid531,Dactinomycin
cid532,Dalfampridine; Pymadin; Ampydin; Fampridine; 4-Aminopyridine
cid533,D-Allose
cid534,Danazol
cid535,Dantrolene
cid536,Dapagliflozin
cid537,Dapiprazole
cid538,Dapsone
cid539,D-Arginine
cid540,Darifenacin
cid541,Darunavir
cid542,Dasatinib
cid543,Daunorubicin
cid544,Debrisoquin
cid545,Decamethonium
cid546,Decitabine
cid547,Deferasirox
cid548,Deferiprone
cid549,deferoxamine
cid550,Deflazacort
cid551,Dehydrodieugenol; Dieugenol
cid552,Dehydroepiandrosterone
cid553,Delamanid
cid554,Delapril hydrochloride
cid555,Delavirdine
cid556,Delergotrile
cid557,Demeclocycline
cid558,Denopamine
cid559,Deoxycholic acid
cid560,Deoxycortone Pivalate
cid561,Dequalinium chloride
cid562,Deserpidine
cid563,Desethylamodiaquine
cid564,Desipramine
cid565,Deslanoside
cid566,Desloratadine
cid567,Deslorelin?
cid568,Desmopressin
cid569,Desogestrel
cid570,Desonide
cid571,Desoximetasone
cid572,Desvenlafaxine succinate
cid573,Detomidine hydrochloride
cid574,Dexamethasone
cid575,Dexamethasone 21-acetate; Dexamethasone acetate
cid576,Dexbrompheniramine
cid577,Dexchlorpheniramine maleate
cid578,Dexmedetomidine
cid579,Dexpanthenol; Pantothenol; Provitamin B5
cid580,Dexrazoxane
cid581,Dextroamphetamine
cid582,Dextromethorphan
cid583,Dextrothyroxine
cid584,Diacerhein; Diacetylrhein; Diacerein
cid585,Diatrizoate meglumine
cid586,Diazepam
cid587,Diazoxide
cid588,Dibenzepin
cid589,Dibucaine
cid590,Dichlorisone acetate
cid591,Dichlorphenamide
cid592,Diclofenac
cid593,Dicloxacillin
cid594,Dicumarol
cid595,Dicyclomine
cid596,Didanosine
cid597,Dienestrol
cid598,Diethyl phthalate
cid599,Diethylcarbamazine
cid600,Diethylpropion
cid601,Diethylstilbestrol
cid602,Diethylstilbestrol dipropionate
cid603,Diflorasone
cid604,Diflunisal
cid605,Difluprednate
cid606,Digitoxin
cid607,Digoxin
cid608,Dihydralazine sulfate
cid609,Dihydro-alpha-ergokryptine mesylate
cid610,Dihydroartemisinin; Artenimol; Dihydroqinghaosu
cid611,Dihydrocodeine bitartrate
cid612,Dihydroergocristine mesylate
cid613,DihydroErgotamine
cid614,Dihydroergotoxine
cid615,Dihydroquinine
cid616,Dihydrostreptomycin
cid617,Dihydrotachysterol
cid618,Dilazep
cid619,Diltiazem HCl
cid620,Dimebolin hydrochloride
cid621,Dimenhydrinate
cid622,Dimethindene maleate
cid623,Dimethyl fumarate
cid624,Dimethyl sulfoxide; DMSO
cid625,Dinoprostone; Prostaglandin E2
cid626,Diosmin; Diosmine; Buchu resin; Diosmetin 7-rutinoside; Barosmin?
cid627,Dioxybenzone
cid628,Diperodon
cid629,Diphemanil Methylsulfate
cid630,Diphenadione
cid631,Diphenhydramine
cid632,Diphenidol
cid633,Diphenpyramide
cid634,Diphenylpyraline
cid635,Dipyridamole
cid636,Disopyramide
cid637,Disulfiram
cid638,Dithiazanine iodide
cid639,Dithranol; Anthralin
cid640,Divalproex (valproic acid; valproate)
cid641,dl-Glaucine phosphate
cid642,D-Mannose
cid643,Dobesilate calcium
cid644,dobutamine
cid645,Docarpamine
cid646,Docetaxel
cid647,Doconexent; Docosahexaenoic acid
cid648,Docusate sodium
cid649,Dofetilide
cid650,Dolasetron
cid651,Domiodol
cid652,Domperidone
cid653,Donepezil
cid654,Dopamine
cid655,Dopexamine hydrochloride
cid656,Doripenem
cid657,Dorzolamide
cid658,Dosulepin hydrochloride; Dothiepin hydrochloride
cid659,Doxapram
cid660,Doxazosin
cid661,Doxepin
cid662,Doxofylline
cid663,Doxorubicin
cid664,Doxycycline
cid665,Doxylamine
cid666,D-Psicose?
cid667,d-Ribose
cid668,Drofenine
cid669,Dronedarone
cid670,Droperidol
cid671,Drospirenone
cid672,Drotaverine hydrochloride
cid673,Droxidopa
cid674,d-threo-Methylphenidate; Dexmethylphenidate
cid675,DTPA (diethylenetriamine pentaacetic acid)
cid676,Duloxetine HCl
cid677,Dutasteride
cid678,Dyclonine hydrochloride
cid679,Dydrogesterone
cid680,Dyphylline
cid681,Ebastine
cid682,Eburnamonine (-)
cid683,Ecabet sodium
cid684,Echothiophate Iodide
cid685,Econazole
cid686,Edaravone; norphenazone
cid687,Edetic Acid
cid688,Efavirenz
cid689,Eflornithine hydrochloride; alpha-Difluoromethylornithine hydrochloride
cid690,EHC; SN-38
cid691,Eletriptan
cid692,Ellisin A; (-)-4'-O-Methylnyasol
cid693,Eltrombopag Olamine
cid694,Emedastine
cid695,Emetine
cid696,Emonapride; Nemonapride
cid697,Emtricitabine
cid698,Enalapril
cid699,Enalaprilat
cid700,Encainide
cid701,Endralazine
cid702,Enocitabine
cid703,Enoxacin
cid704,Enoximone
cid705,Enprofylline
cid706,Enrofloxacin
cid707,Entacapone
cid708,Enzalutamide
cid709,Epalrestat
cid710,Eperisone hydrochloride
cid711,Epicatechin [(-)-]
cid712,Epinastine
cid713,Epinephrine
cid714,Epirizole
cid715,Eplerenone / Epoxymexrenone
cid716,Eprosartan
cid717,Eptifibatide
cid718,Erdosteine
cid719,Ergocalciferol
cid720,Ergone
cid721,Ergonovine
cid722,Ergotamine
cid723,Erlotinib
cid724,Erythrityl Tetranitrate
cid725,Erythromycin
cid726,Erythromycin monopropionate
cid727,Erythrosin extra bluish (FD&C Red 3)
cid728,Escitalopram; (+)-(S)-Citalopram oxalate
cid729,Esketamine
cid730,Eslicarbazepine acetate
cid731,Esmolol
cid732,Esomeprazole
cid733,Estazolam
cid734,estradiol (beta)
cid735,Estradiol acetate
cid736,Estradiol cypionate
cid737,Estradiol valerate; Oestradiol valerate
cid738,Estriol
cid739,Estrone
cid740,Ethacrynic acid
cid741,Ethambutol dihydrochloride
cid742,EthAverine
cid743,Ethenzamide
cid744,Ethinamate
cid745,Ethinyl Estradiol
cid746,Ethionamide
cid747,Ethisterone
cid748,Ethoheptazine
cid749,Ethopropazine
cid750,Ethosuximide
cid751,Ethotoin
cid752,Ethoxyquin
cid753,Ethoxzolamide
cid754,Ethyl Biscoumacetate
cid755,Ethyl Cellulose
cid756,Ethyl oleate
cid757,Ethyl vanillate
cid758,Ethylenediamine
cid759,Ethylparaben
cid760,Ethynodiol
cid761,Ethynodiol Diacetate
cid762,Etidocaine
cid763,Etizolam
cid764,Etodolac
cid765,Etofibrate
cid766,Etofilline clofibrate
cid767,Etofylline
cid768,Etomidate
cid769,Etonogestrel
cid770,Etoposide
cid771,Etoposide phosphate disodium salt (free acid)?
cid772,Etoricoxib
cid773,Etozolin
cid774,Etretinate
cid775,Everolimus
cid776,Exalamide
cid777,exemestane
cid778,Ezetimibe
cid779,Fadrozole
cid780,Famciclovir
cid781,Famotidine
cid782,fasudil
cid783,Favipiravir
cid784,Febantel
cid785,Febuxostat
cid786,Felbamate
cid787,Felbinac
cid788,Felbinac ethyl
cid789,Felodipine
cid790,Fenamisal
cid791,Fenbufen
cid792,Fenclofenac
cid793,Fenclozic Acid (ICI 54450)
cid794,Fendiline
cid795,Fenfluramine
cid796,Fenofibrate
cid797,Fenofibric acid; procetofenic acid
cid798,Fenoldopam
cid799,Fenoprofen
cid800,Fenoterol
cid801,Fenspiride
cid802,Fentanyl
cid803,Fenticonazole nitrate
cid804,Ferric maltol
cid805,Ferric oxide
cid806,Fesoterodine fumarate
cid807,Fexinidazole
cid808,Fexofenadine
cid809,Fidaxomicin; Tiacumicin B; Lipiarmycin; Clostomycin B1; Lipiarmycin A3; Difimicin
cid810,Finasteride
cid811,Fingolimod hydrochloride (FTY720)
cid812,Fingolimod phosphate (FTY720P)
cid813,Fipexide
cid814,Flavoxate
cid815,Flavoxate metabolite (3-methylflavone-8-carboxylic acid)
cid816,Flecainide
cid817,Fleroxacin
cid818,Flibanserin
cid819,Flopropione
cid820,Flordipine
cid821,Florfenicol
cid822,Floxuridine
cid823,Flubendazole
cid824,Flucloxacillin
cid825,Fluconazole
cid826,Flucytosine
cid827,Fludarabine
cid828,fludrocortisone
cid829,Fludrocortisone acetate
cid830,flufenamic acid
cid831,Flumazenil
cid832,Flumequine
cid833,Flumetasone
cid834,Flumetasone Pivalate
cid835,Flunarizine
cid836,Flunisolide
cid837,Flunitrazepam
cid838,Fluocinolone Acetonide
cid839,Fluocinonide
cid840,Fluocortin butyl
cid841,Fluorometholone
cid842,Fluorouracil
cid843,Fluotracen
cid844,Fluoxetine
cid845,Fluoxymesterone
cid846,Flupenthixol (Flupentixol)
cid847,fluphenazine
cid848,Flupirtine maleate
cid849,Fluproquazone
cid850,Flurandrenolide
cid851,Flurazepam
cid852,Flurbiprofen
cid853,Flurbiprofen axetil
cid854,Fluspirilene
cid855,Flutamide
cid856,Fluticasone furoate
cid857,Fluticasone Propionate
cid858,Flutrimazole
cid859,Flutroline
cid860,Flutropium bromide
cid861,Fluvastatin
cid862,Fluvoxamine
cid863,Folic Acid
cid864,Fomepizole
cid865,Formoterol
cid866,Foscarnet
cid867,Fosfomycin
cid868,Fosfosal
cid869,Fosinopril
cid870,Framycetin
cid871,Fropenem sodium; Faropenem sodium; Furopenem
cid872,Ftorafur; Fluorofur; Tegafur
cid873,Fulvestrant
cid874,Fungichromin; Pentamycin; Cantricin; Lagosin; Cogomycin
cid875,Furazolidone
cid876,Furobufen
cid877,Furosemide
cid878,Fursultiamine
cid879,Fusidic Acid
cid880,Gabapentin
cid881,Gabexate mesilate
cid882,Galantamine
cid883,Galavit
cid884,Gallamine Triethiodide
cid885,Gallopamil hydrochloride
cid886,Gamma Hydroxybutyrate sodium salt (Sodium oxybate)
cid887,Gamolenic acid
cid888,Ganciclovir
cid889,Gatifloxacin
cid890,Gefitinib
cid891,Gemcitabine
cid892,Gemfibrozil
cid893,Gemifloxacin
cid894,genistein
cid895,Gentamicin
cid896,Gentamicin C2; Gentamycin C2
cid897,Gentian Violet (Methylrosanilinium)
cid898,Gentisic acid
cid899,Geranylgeranylacetone
cid900,Gestrinone
cid901,Gimeracil
cid902,Glafenine
cid903,Glibenclamide (Glyburide)
cid904,Glibornuride
cid905,Gliclazide
cid906,Glimepiride
cid907,Glipizide
cid908,Gliquidone
cid909,Glucosamine
cid910,Glutathione
cid911,Glutethimide
cid912,Glycerol monolaurate; Lauricidin
cid913,Glycerol; glycerine
cid914,Glycodiazine
cid915,Glycopyrrolate; Glycopyrronium bromide
cid916,Glycyclamide
cid917,Glycyrrhetic acid; Enoloxone; Glycyrrhetinic acid; Glycyrrhetin; Uralenic acid; 18beta-Glycyrrhetinic acid
cid918,Glycyrrhizinic acid; Glycyrrhizic acid; Glycyrrhizin
cid919,Gossypol
cid920,Granisetron
cid921,Grepafloxacin
cid922,Griseofulvin
cid923,Guaifenesin
cid924,Guaimesal
cid925,Guanabenz
cid926,Guanethidine
cid927,Guanfacine
cid928,Guanoxan
cid929,Gusperimus trihydrochloride; Gusperimus hydrochloride; Deoxyspergualin hydrochloride
cid930,Halazepam
cid931,Halcinonide
cid932,Halobetasol Propionate
cid933,Halofantrine
cid934,Halometasone
cid935,Haloperidol
cid936,Haloprogin
cid937,Hederagenin
cid938,Heptabarbital
cid939,Heptaminol
cid940,Hesperetin
cid941,Hexachlorophene
cid942,Hexadecylphosphocholine; Miltefosine
cid943,Hexafluronium bromide
cid944,Hexestrol
cid945,Hexetidine
cid946,Hexocyclium metilsulfate
cid947,Histamine
cid948,Homatropine Methylbromide
cid949,Homochlorcyclizine
cid950,Hycanthone
cid951,Hydralazine
cid952,Hydrastine
cid953,Hydrochlorothiazide
cid954,Hydrocodone
cid955,Hydrocortisone (Cortisol)
cid956,Hydrocortisone aceponate
cid957,Hydrocortisone acetate
cid958,Hydrocortisone phosphate
cid959,Hydrocortisone succinate
cid960,Hydroflumethiazide
cid961,Hydroxocobalamin
cid962,Hydroxyamfetamine
cid963,Hydroxychloroquine
cid964,Hydroxykynurenine; 3-hydroxy-DL-kynurenine
cid965,Hydroxyprogesterone caproate
cid966,Hydroxypropyl cellulose
cid967,Hydroxypropyl methylcellulose; Hypromellose
cid968,Hydroxyurea
cid969,Hydroxyzine
cid970,Hymecromone
cid971,Hyoscyamine (atropine levo-isomer)
cid972,Ibandronate
cid973,Ibopamine
cid974,Ibrutinib
cid975,Ibudilast
cid976,Ibufenac
cid977,Ibuprofen
cid978,Ibuprofen piconol; Pineprofen
cid979,Ibuproxam
cid980,Ibutilide
cid981,Icosapent
cid982,Icosapent ethyl ester
cid983,Idarubicin
cid984,Idebenone
cid985,Idelalisib
cid986,Idoxuridine
cid987,Ifenprodil
cid988,Ifosfamide
cid989,Iguratimod
cid990,Iloperidone
cid991,Imatinib
cid992,Imidapril hydrochloride
cid993,Imipenem
cid994,Imipramine
cid995,Imiquimod
cid996,Inadpamide
cid997,Indacaterol maleate
cid998,Indapamide
cid999,Indeloxazine hydrochloride
cid1000,Indinavir
cid1001,Indobufen
cid1002,Indocyanine green
cid1003,indomethacin
cid1004,Indomethacin farnesil
cid1005,Indoprofen
cid1006,Indoramin
cid1007,Indorenate hydrochloride
cid1008,Inositol hexaphosphate
cid1009,Inulin
cid1010,Iodipamide
cid1011,Iodoquinol
cid1012,Iohexol
cid1013,Ioxaglate sodium
cid1014,Ipratropium
cid1015,Iprindole
cid1016,Iproniazide
cid1017,Irbesartan
cid1018,Irinotecan
cid1019,Irsogladine maleate; Dicloguamine maleate
cid1020,Isaxonine phosphate
cid1021,Isocainide hydrochloride; Lorcainide hydrochloride; Socainide hydrochloride
cid1022,Isocarboxazid
cid1023,Isoconazole nitrate
cid1024,Isoetharine
cid1025,Isometheptene hydrochloride
cid1026,Isoniazid
cid1027,Isopropamide
cid1028,isoproterenol (isoprenaline)
cid1029,Isosorbide dinitrate
cid1030,Isosorbide mononitrate
cid1031,Isotretinoin
cid1032,Isoxicam
cid1033,Isoxsuprine
cid1034,Isradipine
cid1035,Istradefylline
cid1036,Itopride hydrochloride
cid1037,Itraconazole
cid1038,Ivabradine hydrochloride
cid1039,Ivacaftor
cid1040,Ivermectin B1a
cid1041,Ixazomib
cid1042,Josamycin
cid1043,Kaempferol 3-O-sophoroside
cid1044,Kanamycin
cid1045,Ketamine
cid1046,Ketanserin
cid1047,Ketoconazole
cid1048,Ketoprofen
cid1049,Ketorolac
cid1050,Ketotifen
cid1051,Khellin
cid1052,Kinetin
cid1053,Kojic acid
cid1054,Labetalol
cid1055,Lacidipine
cid1056,Lactitol
cid1057,Lactose
cid1058,Lactulose
cid1059,Lafutidine
cid1060,L-Alanine
cid1061,L-Alanyl-L-glutamine
cid1062,Lamivudine
cid1063,Lamotrigine
cid1064,Lampit; Nifurtimox
cid1065,Lanatoside C
cid1066,Lansoprazole
cid1067,Lapatinib
cid1068,L-Arginine
cid1069,Laropiprant
cid1070,Lasofoxifene
cid1071,L-Asparagine
cid1072,L-Aspartic Acid
cid1073,Latanoprost
cid1074,Lauramide monoethanolamine; N-(2-hydroxyethyl)dodecanamide
cid1075,L-Citrulline
cid1076,L-Cysteine
cid1077,L-Cystine
cid1078,L-Dopa methyl ester hydrochloride (free base); Levodopa methyl ester hydrochloride (free base); Melevodopa hydrochloride (free base)
cid1079,Leflunomide
cid1080,Lenalidomide
cid1081,Lenampicillin
cid1082,Lenvatinib
cid1083,Lercanidipine
cid1084,Letrozole
cid1085,"Leucovorin, Folinic acid"
cid1086,Leuprorelin
cid1087,Levacecarnine hydrochloride; Acetyl-L-carnitine hydrochloride; Levocarnitine acetyl hydrochloride
cid1088,Levalbuterol hydrochloride; Levosalbutamol hydrochloride
cid1089,Levallorphan
cid1090,Levamisole
cid1091,Levamlodipine
cid1092,Levetiracetam; Etiracetam levo-isomer
cid1093,Levetiracetam; Etiracetam levo-isomer
cid1094,Levobetaxolol hydrochloride
cid1095,Levobunolol
cid1096,Levocabastine
cid1097,Levocarnitine [L-Carnitine]
cid1098,Levocarnitine propionate hydrochloride; L-Propionylcarnitine hydrocloride
cid1099,Levodopa
cid1100,Levodropropizine
cid1101,Levofloxacin
cid1102,Levonorgestrel; norgestrel
cid1103,Levorphanol
cid1104,Levosulpiride ((-)-sulpiride)
cid1105,Levothyroxine
cid1106,L-Glutamic Acid
cid1107,L-Glutamine
cid1108,L-Histidine
cid1109,L-Hydroxyproline
cid1110,Lidamidine hydrochloride
cid1111,Lidocaine
cid1112,Lidofenin
cid1113,Lidoflazine
cid1114,Limaprost
cid1115,Linaclotide
cid1116,Linagliptin
cid1117,Lincomycin
cid1118,Lindane
cid1119,Linezolid
cid1120,Liothyronine
cid1121,Lipoic Acid
cid1122,Liranaftate
cid1123,Lisinopril
cid1124,L-Isoleucine
cid1125,Lisuride
cid1126,L-Leucine
cid1127,L-Lysine
cid1128,L-Methionine
cid1129,Lobenzarit sodium
cid1130,Lochnerine; 10-Methoxynormacusine; 10-O-Methylsarpagine
cid1131,Lodoxamide tromethamine
cid1132,Lofepramine hydrochloride
cid1133,Lofexidine
cid1134,Lomefloxacin
cid1135,Lomerizine
cid1136,Lomitapide
cid1137,Lomustine
cid1138,Lonazolac calcium
cid1139,Lonidamine; Diclondazolic acid
cid1140,Lopanoic acid
cid1141,Loperamide
cid1142,Lopinavir
cid1143,Loprinone; Olprinone
cid1144,Loracarbef
cid1145,Loratadine
cid1146,Lorazepam
cid1147,Lorcaserin
cid1148,Lormetazepam
cid1149,L-Ornithine
cid1150,Lornoxicam
cid1151,Losartan
cid1152,Losartan active metabolite (E-3174)
cid1153,Loteprednol Etabonate
cid1154,Lovastatin; Mevinolin (MK-803)
cid1155,Loxapine succinate
cid1156,Loxoprofen sodium
cid1157,L-Phenylalanine
cid1158,L-Phenylglycine
cid1159,L-Proline
cid1160,L-Serine
cid1161,l-Tetrahydropalmatine; (S)-(-)-Tetrahydropalmatine
cid1162,L-Threonine
cid1163,L-Tryptophan
cid1164,L-Tyrosine
cid1165,Lucanthone
cid1166,Lumefantrine; Benflumetol
cid1167,Lumiracoxib
cid1168,Lurasidone
cid1169,Lusutrombopag
cid1170,Luteolin
cid1171,L-Valine
cid1172,Lycopene
cid1173,Lymecycline
cid1174,Lynestrenol; Lynoestrenol
cid1175,Lypressin; Lysine vasopressin
cid1176,Mafenide
cid1177,Malathion
cid1178,Malotilate
cid1179,Maltitol
cid1180,Manidipine; Franidipine
cid1181,Mannitol; D-Mannitol
cid1182,Maprotiline
cid1183,Maraviroc
cid1184,Marbofloxacin
cid1185,Marimastat
cid1186,Masoprocol
cid1187,Mazindol
cid1188,Mebendazole
cid1189,Mebeverine hydrochloride
cid1190,Mebhydrolin
cid1191,Mebicar
cid1192,Mebrofenin
cid1193,Mecamylamine
cid1194,Meclizine; meclozine
cid1195,Meclocycline
cid1196,Meclofenamic acid
cid1197,Mecobalamin; Methyl vitamin B12; Methyl cobalamine
cid1198,Medazepam
cid1199,Medigoxin; Metildigoxin
cid1200,Medroxyprogesterone acetate
cid1201,Medrysone
cid1202,Mefenamic acid
cid1203,Mefloquine(-)- hydrochloride
cid1204,Mefloquine(+/-)
cid1205,Mefruside
cid1206,Megestrol
cid1207,Megestrol acetate
cid1208,Meglutol; Dicrotalic acid
cid1209,melatonin
cid1210,Melitracen
cid1211,Meloxicam
cid1212,Melperone hydrochloride
cid1213,Melphalan
cid1214,Memantine HCl
cid1215,Menadiol
cid1216,Menadiol sodium diphosphate
cid1217,Menadione
cid1218,Menaquinone-4; Menatetrenone; Menaquinone; Vitamin K2
cid1219,Menthol
cid1220,Mepazine
cid1221,Mepenzolate
cid1222,Meperidine
cid1223,Mephenesin
cid1224,Mephenytoin
cid1225,Mepindolol sulfate
cid1226,Mepiprazole
cid1227,Mepivacaine
cid1228,Meprobamate
cid1229,Meprylcaine
cid1230,Meptazinol
cid1231,Mepyramine; Pyrilamine
cid1232,Mequitazine
cid1233,Mercaptopurine
cid1234,Meropenem
cid1235,Mesalazine; Mesalamine; 5-aminosalicylic acid
cid1236,Mesna
cid1237,Mesoridazine
cid1238,Mesterolone
cid1239,Mestranol
cid1240,Metamizole; Dipyrone sodium
cid1241,Metampicillin sodium
cid1242,Metapramine
cid1243,Metaraminol
cid1244,Metaxalone (Metaxolone)
cid1245,Metergoline
cid1246,Metergotamine
cid1247,Metformin
cid1248,Methacholine
cid1249,Methacycline
cid1250,Methaniazide
cid1251,Methantheline
cid1252,Methapyrilene
cid1253,Metharbital
cid1254,Methazolamide
cid1255,Methenamine
cid1256,Methimazole
cid1257,Methocarbamol
cid1258,Methotrexate
cid1259,Methotrimeprazine
cid1260,Methoxamine
cid1261,Methoxsalen
cid1262,Methsuximide
cid1263,Methyclothiazide
cid1264,Methyl 4-hydroxybenzoate (methylparaben)
cid1265,Methyl aminolevulinate
cid1266,Methyl cellulose
cid1267,Methyldopa
cid1268,Methylene Blue
cid1269,Methylergonovine
cid1270,Methylphenidate HCl
cid1271,Methylprednisolone
cid1272,Methylprednisolone succinate
cid1273,Methylscopolamine
cid1274,Methylthiouracil
cid1275,Methyprylon
cid1276,Methysergide Maleate
cid1277,Meticillin (Methicillin)
cid1278,Meticrane
cid1279,Metipranolol
cid1280,Metisazone; Methisazone
cid1281,Metixene
cid1282,Metoclopramide
cid1283,Metolazone
cid1284,Metoprolol
cid1285,Metrifonate; Metriphonate; Trichlorfon
cid1286,Metrizamide; Metrizoate
cid1287,Metronidazole
cid1288,Metyrapone
cid1289,Metyrosine
cid1290,Mexiletine
cid1291,Mianserin
cid1292,Mibefradil hydrochloride
cid1293,Mibolerone
cid1294,Micafungin
cid1295,Miconazole
cid1296,Midazolam
cid1297,Midecamycin acetate; Miokamycin
cid1298,Midodrine; Yohimbin alpha
cid1299,Mifamurtide
cid1300,Mifepristone
cid1301,Miglitol
cid1302,Miglustat; N-Butyl-deoxynojirimycin
cid1303,Milnacipran
cid1304,Milrinone
cid1305,Mimosine
cid1306,Minaprine
cid1307,minocycline
cid1308,Minodronate; Minodronic acid
cid1309,Minoxidil
cid1310,m-Iodobenzylguanidine hemisulfate
cid1311,Mirtazapine
cid1312,Misoprostol
cid1313,Mithramycin; Plicamycin; Mithracin; Aureolic acid
cid1314,Mitiglinide
cid1315,Mitomycin
cid1316,Mitotane
cid1317,Mitoxantrone Hydrochloride
cid1318,Mizolastine
cid1319,Mizoribine
cid1320,Moclobemide
cid1321,Modafinil
cid1322,Moexipril
cid1323,Mofezolac
cid1324,Molindone
cid1325,Molsidomine
cid1326,Mometasone furoate
cid1327,Monobenzone
cid1328,Monomethyl fumarate
cid1329,Montelukast
cid1330,Moricizine
cid1331,Morniflumate
cid1332,Moroxydine
cid1333,Mosapride
cid1334,Motretinide
cid1335,Moxifensine hydrochloride
cid1336,Moxifloxacin
cid1337,Moxisylyte; Thymoxamine
cid1338,Moxonidine hydrochloride hydrate
cid1339,Mozavaptan hydrochloride
cid1340,Mupirocin
cid1341,Muzolimine
cid1342,Mycophenolate mofetil
cid1343,Mycophenolic acid sodium
cid1344,Myoinositol; Inositol
cid1345,Myristicin
cid1346,Nabilone
cid1347,Nabumetone
cid1348,N-Acetyl-D-glucosamine
cid1349,Nadifloxacin
cid1350,Nadolol
cid1351,Nafamostat mesylate; Nafamostat mesilate
cid1352,Nafarelin
cid1353,Nafcillin
cid1354,Naftidrofuryl oxalate; Naphtidrofuryl oxalate; Nafronyl oxalate
cid1355,Naftifine
cid1356,Naftopidil
cid1357,Nalidixic Acid
cid1358,Nalmefene (HCl)
cid1359,Naloxonazine
cid1360,Naltrexone
cid1361,Naphazoline
cid1362,Naproxen
cid1363,Natamycin
cid1364,Nateglinide
cid1365,Nebivolol
cid1366,Nedocromil
cid1367,Nefazodone
cid1368,Nefopam hydrochloride
cid1369,Nelarabine
cid1370,Nelfinavir
cid1371,Neomycin
cid1372,Neostigmine
cid1373,Nepinalone
cid1374,Netilmicin
cid1375,Nevirapine
cid1376,Niacin; Nicotinic Acid
cid1377,Nialamide
cid1378,Nicardipine
cid1379,Nicergoline
cid1380,Niclosamide
cid1381,Nicofurate
cid1382,Nicorandil
cid1383,Nicotine
cid1384,Nifedipine
cid1385,Nifekalant hydrochloride
cid1386,Nifenazone
cid1387,Niflumic Acid
cid1388,Nikethamide
cid1389,Nilotinib
cid1390,Nilutamide
cid1391,Nilvadipine; Nivadipine
cid1392,Nimesulide
cid1393,Nimodipine
cid1394,Nintedanib; Intedanib
cid1395,Niridazole
cid1396,Nisoldipine
cid1397,Nitazoxanide
cid1398,Nitracrine dihydrochloride hydrate
cid1399,Nitrazepam
cid1400,Nitrefazole
cid1401,nitrendipine
cid1402,Nitrofurantoin
cid1403,Nitrofurazone
cid1404,Nitroxazepine hydrochloride
cid1405,Nitroxoline
cid1406,Nizatidine
cid1407,Nizofenone
cid1408,nocodazole
cid1409,Nomegestrol acetate
cid1410,Nomifensine maleate
cid1411,Nootkatone; (+)-Nootkatone
cid1412,Nordazepam
cid1413,Norephedrine; Phenylpropanolamine
cid1414,Norepinephrine
cid1415,Norethindrone
cid1416,Norethisterone acetate; Norethindrone acetate
cid1417,Noretynodrel
cid1418,Norfenfluramine (Fenfluramine active compound)
cid1419,Norfloxacin
cid1420,Norgestimate
cid1421,Nortriptyline
cid1422,Noscapine
cid1423,Novobiocin
cid1424,Nystatin
cid1425,Obeticholic Acid
cid1426,Octreotide
cid1427,Ofloxacin
cid1428,Olanzapine
cid1429,Olaparib
cid1430,Oleamide
cid1431,Oleandrin
cid1432,Oleic acid
cid1433,Olmesartan (active metabolite)
cid1434,Olmesartan Medoxomil
cid1435,Olmutinib
cid1436,Olodaterol hydrochloride
cid1437,Olopatadine
cid1438,Olsalazine (active metabolite: mesalamine)
cid1439,Omacetaxine mepesuccinate; Homoharringtonine
cid1440,Omeprazole (and esomeprazole)
cid1441,Ondansetron
cid1442,Opipramol hydrochloride
cid1443,Orbifloxacin
cid1444,Orciprenaline; Metaproterenol
cid1445,Orlistat
cid1446,Ormeloxifene; Centchroman
cid1447,Ornidazole
cid1448,Orphenadrine
cid1449,Oseltamivir
cid1450,Osimertinib
cid1451,Osteoquine; Ipriflavone
cid1452,Otilonium bromide; Octylonium bromide
cid1453,Ouabain
cid1454,Oxaceprol
cid1455,Oxacillin
cid1456,Oxaflozane
cid1457,Oxamniquine
cid1458,Oxantel embonate (free base); Oxantel pamoate (free base)
cid1459,Oxapadol
cid1460,oxaprozin
cid1461,Oxatomide
cid1462,Oxazepam
cid1463,Oxcarbazepine
cid1464,Oxetacaine
cid1465,Oxfendazole
cid1466,Oxiconazole
cid1467,Oxiglutatione sodium
cid1468,Oxiracetam
cid1469,Oxitropium bromide
cid1470,Oxolamine
cid1471,Oxolinic acid
cid1472,Oxprenolol
cid1473,Oxybenzone
cid1474,Oxybuprocaine
cid1475,Oxybutynin
cid1476,Oxycodone
cid1477,Oxyfedrine hydrochloride; Oxyfedrin hydrochloride; Oxyphedrine hydrochloride
cid1478,Oxymetazoline
cid1479,Oxymetholone
cid1480,Oxypertine
cid1481,Oxyphenbutazone
cid1482,Oxyphencyclimine
cid1483,Oxyphenisatin
cid1484,Oxyphenonium
cid1485,Oxytetracycline
cid1486,Ozagrel
cid1487,paclitaxel
cid1488,Palbociclib
cid1489,Palmitic acid
cid1490,Palmitoylethanolamide; Palmidrol
cid1491,Palmoxirate sodium
cid1492,Palonosetron
cid1493,Pamidronate
cid1494,Pancuronium
cid1495,Panipenem
cid1496,p-Anisic acid
cid1497,Panobinostat
cid1498,Pantethine
cid1499,Pantoprazole Sodium
cid1500,Papaverine
cid1501,para-Aminobenzoic acid potassium salt; Aminobenzoate potassium
cid1502,Paramethasone
cid1503,Pargyline
cid1504,Paromomycin
cid1505,Paroxetine
cid1506,Parsalmide
cid1507,Pasireotide
cid1508,Pazopanib
cid1509,Pazufloxacin mesylate
cid1510,Pefloxacin
cid1511,PEG 400; polyethylene glycol 400
cid1512,Pemirolast
cid1513,Pemoline
cid1514,Penbutolol
cid1515,Penciclovir
cid1516,Penicillamine
cid1517,Penicillin G
cid1518,Penicillin V
cid1519,Pentagastrin
cid1520,Pentamidine
cid1521,Pentobarbital
cid1522,Pentolinium
cid1523,Pentostatin
cid1524,Pentoxifylline
cid1525,Perafensine hydrochloride
cid1526,Perampanel
cid1527,Pergolide
cid1528,Perhexiline
cid1529,Perindopril
cid1530,Permethrin
cid1531,Perospirone hydrochloride
cid1532,Perphenazine
cid1533,Phenacemide
cid1534,Phenacetin
cid1535,Phenazopyridine
cid1536,Phencyclidine (PCP)
cid1537,Phenelzine
cid1538,phenformin
cid1539,Phenibut; (+/-)Fenibut; (+/-)beta-Phenyl-GABA; Phenigama; Fenigam; Phenibutum
cid1540,Phenindamine
cid1541,Phenindione
cid1542,Pheniramine
cid1543,Phenmetrazine Hydrochloride
cid1544,Phenobarbital
cid1545,Phenol
cid1546,Phenoxybenzamine
cid1547,Phenoxypropazine
cid1548,Phensuximide
cid1549,Phentermine Hydrochloride; ortetamine
cid1550,phentolamine
cid1551,Phenylbutazone
cid1552,Phenylbutyrate
cid1553,Phenylephrine
cid1554,Phenylisopropyl adenosine
cid1555,Phenylmercuric acetate
cid1556,Phenytoin Sodium
cid1557,Phlorizin; Phloridzin; Phlorhizin
cid1558,Phosphoenolpyruvate
cid1559,Phthalylsulfathiazole
cid1560,Physalien
cid1561,Physostigmine; eserine
cid1562,Phytonadione
cid1563,Picotamide
cid1564,Picrotoxin
cid1565,Pidolate magnesium
cid1566,Pifatidine; Roxatidine acetate hydrochloride
cid1567,Pilocarpine
cid1568,Pilsicainide hydrochloride
cid1569,Pimavanserin tartrate
cid1570,Pimecrolimus
cid1571,Pimethixene
cid1572,Pimobendan
cid1573,Pimozide
cid1574,Pinacidil
cid1575,Pindolol
cid1576,Pioglitazone
cid1577,Pipamperone; Floropipamide
cid1578,Pipenzolate bromide
cid1579,Piperacetazine
cid1580,Piperacillin
cid1581,Piperaquine phosphate
cid1582,Piperazine
cid1583,Pipotiazine
cid1584,Piracetam
cid1585,Pirenoxine
cid1586,Pirenzepine
cid1587,Piretanide
cid1588,Pirfenidone
cid1589,Piribedil
cid1590,Pirlindole; Pyrazidol
cid1591,Pirmenol hydrochloride
cid1592,Piromidic acid
cid1593,Piroxicam
cid1594,Pirozadil
cid1595,Pirprofen
cid1596,Pitavastatin (Itavastatin)
cid1597,Pivagabine
cid1598,Pivampicillin
cid1599,Pivmecillinam
cid1600,Pizotifen
cid1601,Plafibride
cid1602,Plerixafor hydrochloride
cid1603,Podofilox
cid1604,Polydatin
cid1605,Polysorbate 80; Tween 80
cid1606,Polyvinylpyrrolidone; Povidone; PVP
cid1607,Pomalidomide
cid1608,Ponatinib
cid1609,Posaconazole
cid1610,Practolol
cid1611,Pralidoxime
cid1612,Pramipexole
cid1613,Pramoxine; pramocaine; tronothane
cid1614,Pranoprofen
cid1615,Prasugrel
cid1616,Pravastatin
cid1617,Praziquantel
cid1618,prazosin
cid1619,Prednicarbate
cid1620,prednisolone
cid1621,Prednisolone acetate
cid1622,Prednisolone phosphate
cid1623,Prednisone
cid1624,Pregabalin
cid1625,Prenalterol
cid1626,Prenylamine
cid1627,Prezatide copper acetate
cid1628,Pridinol
cid1629,Prilocaine
cid1630,Primaquine
cid1631,Primidone
cid1632,Prizidilol
cid1633,Proadifen
cid1634,Probenecid
cid1635,probucol
cid1636,Procainamide
cid1637,Procaine
cid1638,Procarbazine
cid1639,Procaterol
cid1640,prochlorperazine
cid1641,Procodazol
cid1642,Procyclidine
cid1643,Proflavine
cid1644,Progabide
cid1645,Progesterone
cid1646,Proglumide
cid1647,Proguanil
cid1648,Promazine
cid1649,Promethazine HCl
cid1650,Propacetamol hydrochloride
cid1651,Propafenone
cid1652,Propanidid
cid1653,Propantheline
cid1654,Proparacaine
cid1655,Propentofylline
cid1656,Propiomazine
cid1657,Propiverine hydrochloride
cid1658,Propofol
cid1659,Propoxyphene
cid1660,Propranolol
cid1661,Propyl gallate
cid1662,Propyl gallate
cid1663,Propylene glycol
cid1664,Propylparaben
cid1665,Propylthiouracil
cid1666,Propyphenazone
cid1667,Proquazone
cid1668,Proscillaridin
cid1669,Protokylol
cid1670,Protriptyline
cid1671,Provitamin A; beta-Carotene
cid1672,Prucalopride
cid1673,Prulifloxacin
cid1674,Pseudoephedrine
cid1675,Putrescine dihydrochloride
cid1676,Pyrantel
cid1677,Pyrazinamide
cid1678,Pyrazinoic acid
cid1679,Pyridostigmine
cid1680,Pyridoxal
cid1681,Pyridoxal Phosphate
cid1682,Pyridoxine
cid1683,Pyrimethamine
cid1684,Pyrithione
cid1685,Pyronaridine
cid1686,Pyrvinium emboate; Pyrvinium pamoate
cid1687,Qinghaosu; Artemisine; Artemisinin?
cid1688,Quercetin
cid1689,Quetiapine
cid1690,Quinacrine; mepacrine
cid1691,Quinagolide hydrochloride
cid1692,Quinapril
cid1693,Quinaprilat
cid1694,Quinestrol
cid1695,Quinethazone
cid1696,Quinidine
cid1697,Quinine
cid1698,Quinupramine
cid1699,Rabeprazole Sodium
cid1700,Racecadotril; Acetorphan
cid1701,Radotinib
cid1702,Raloxifene
cid1703,Raltegravir potassium
cid1704,Raltitrexed
cid1705,Ramatroban
cid1706,Ramipril
cid1707,Ramosetron hydrochloride
cid1708,Ranitidine
cid1709,Ranolazine
cid1710,Rasagiline
cid1711,Razoxane
cid1712,Reboxetine
cid1713,Regorafenib
cid1714,Remoxipride
cid1715,Repaglinide
cid1716,Repirinast
cid1717,Rescinnamine
cid1718,Reserpine
cid1719,Ribavirin
cid1720,Riboflavin
cid1721,Riboflavin sodium phosphate; Riboflavin 5'-phosphate sodium
cid1722,Ribostamycin sulfate
cid1723,Ridogrel
cid1724,Rifabutin
cid1725,Rifampicin
cid1726,Rifamycin SV; Rifamycin
cid1727,Rifapentine
cid1728,Rifaximin
cid1729,Rilmazafone hydrochloride dihydrate
cid1730,Rilmenidine
cid1731,Riluzole
cid1732,Rimantadine
cid1733,Rimexolone
cid1734,Rimonabant (SR141716)
cid1735,Riociguat
cid1736,Risedronate
cid1737,Risperidone
cid1738,Ritodrine
cid1739,Ritonavir
cid1740,Rivaroxaban
cid1741,Rivastigmine
cid1742,Rizatriptan
cid1743,Rocuronium
cid1744,Rofecoxib
cid1745,Roflumilast
cid1746,Roflumilast N-Oxide
cid1747,Rokitamycin
cid1748,Rolitetracycline
cid1749,Romidepsin
cid1750,Romurtide; Muroctasin
cid1751,Ropinirole
cid1752,Ropivacaine
cid1753,Rosiglitazone
cid1754,Rosuvastatin
cid1755,Rotigotine
cid1756,Roxithromycin
cid1757,Royal jelly acid
cid1758,Rucaparib
cid1759,Rufinamide
cid1760,Rufloxacin hydrochloride
cid1761,Ruxolitinib
cid1762,Saccharin
cid1763,Sacubitril (Component of Entresto)
cid1764,Sacubitril active metabolite
cid1765,S-Adenosylmethionine; Ademetionine
cid1766,Sagamacin (free base); Micronomicin sulfate (free base)?
cid1767,Salbutamol / Albuterol
cid1768,Salicylic acid
cid1769,Salmeterol
cid1770,Salsalate
cid1771,Saquinavir
cid1772,Sarafloxacin hydrochloride
cid1773,Saroglitazar
cid1774,Saxagliptin
cid1775,Scopolamine
cid1776,Secnidazole?
cid1777,Selegiline
cid1778,Selenomethionine; L-Selenomethionine?
cid1779,Selexipag
cid1780,Seratrodast
cid1781,Sertaconazole
cid1782,Sertindole
cid1783,Sertraline
cid1784,Setastine hydrochloride
cid1785,Sibutramine
cid1786,Sildenafil
cid1787,Silibinin
cid1788,Silodosin
cid1789,Simeprevir
cid1790,Simvastatin
cid1791,sirolimus ((-)rapamycin)
cid1792,Sisomicin
cid1793,Sitagliptin
cid1794,Sitostenone (4-Stigmasten-3-one)
cid1795,Sivelestat
cid1796,S-Methylcysteine sulfoxide
cid1797,Sobrerol; Cyclidrol
cid1798,Sobuzoxane
cid1799,Sodium benzoate
cid1800,Sodium bicarbonate
cid1801,Sodium lauryl sulfate; Sodium dodecyl sulfate
cid1802,Sodium L-glutamate; monosodium glutamate
cid1803,Sodium metabisulfite
cid1804,Sodium pyruvate
cid1805,Sofalcone
cid1806,Sofosbuvir
cid1807,Solamargine
cid1808,Sonidegib
cid1809,Sorafenib
cid1810,Sorbitol; D-Sorbitol
cid1811,Sotalol
cid1812,Sparfloxacin
cid1813,Spectinomycin
cid1814,Spermine
cid1815,Sphingosine; D-erythro-Sphingosine
cid1816,Spiperone; Spiroperidol
cid1817,Spiramycin
cid1818,Spirapril
cid1819,Spironolactone
cid1820,Stavudine
cid1821,Stearic acid
cid1822,Stearyl alcohol
cid1823,Stiripentol
cid1824,Streptomycin sulfate
cid1825,Streptozocin
cid1826,Succimer
cid1827,Succinic acid
cid1828,Succinylcholine
cid1829,Succinylsulfathiazole; Sulfenterone
cid1830,Sulbactam sodium
cid1831,Sulcephalosporin; Cefsulodin sodium
cid1832,Sulconazole nitrate
cid1833,Sulfacarbamide
cid1834,Sulfacetamide
cid1835,Sulfadiazine
cid1836,Sulfadimethoxine
cid1837,Sulfadoxine
cid1838,"Sulfaguanidine, sulphaguanidine"
cid1839,Sulfamerazine
cid1840,Sulfamethazine
cid1841,Sulfamethizole
cid1842,Sulfamethoxazole
cid1843,Sulfamethoxypyridazine
cid1844,Sulfametopyrazine; sulfalene
cid1845,Sulfapyridine
cid1846,sulfasalazine
cid1847,Sulfathiazole
cid1848,Sulfinalol
cid1849,Sulfinpyrazone
cid1850,Sulfisomidine
cid1851,Sulfisoxazole
cid1852,sulindac
cid1853,Suloctidil
cid1854,Sulpiride
cid1855,Sulprostone
cid1856,Sultamicillin
cid1857,Sulthiame
cid1858,Sultopride
cid1859,Sumatriptan
cid1860,Sunitinib
cid1861,Suplatast tosilate
cid1862,Suprofen
cid1863,Suramin
cid1864,Suvorexant
cid1865,Suxibuzone
cid1866,Swerchirin
cid1867,Tacrine
cid1868,Tacrolimus
cid1869,Tadalafil HCl
cid1870,Tafamidis
cid1871,Tafluprost
cid1872,Tagatose; D-Tagatose
cid1873,Talampicillin
cid1874,Talbutal
cid1875,Talipexole dihydrochloride
cid1876,Talniflumate
cid1877,Tamoxifen
cid1878,Tamsulosin HCl
cid1879,Tartrazine (FD&C Yellow 5)
cid1880,Taurocholate sodium
cid1881,Taurolidine
cid1882,Tavaborole
cid1883,Tazanolast
cid1884,Tazarotene
cid1885,Tazarotene active metabolite (Tazarotenic acid)
cid1886,Tazobactam
cid1887,Teciptiline maleate; Setiptiline maleate
cid1888,Tecomanine; Tecomine
cid1889,Tegaserod
cid1890,Teicoplanin
cid1891,Telaprevir
cid1892,Telbivudine
cid1893,Telithromycin
cid1894,Telmesteine
cid1895,Telmisartan
cid1896,Temazepam
cid1897,Temocapril hydrochloride
cid1898,Temozolomide
cid1899,Temserolimus; Temsirolimus
cid1900,Teneligliptin
cid1901,Teniposide
cid1902,Tenofovir
cid1903,Tenoxicam
cid1904,terazosin
cid1905,Terbinafine
cid1906,Terbufibrol
cid1907,Terbutaline
cid1908,Terconazole
cid1909,Terfenadine; seldane
cid1910,Terguride
cid1911,Teriflunomide
cid1912,Terlipressin
cid1913,Terodiline
cid1914,Tertatolol hydrochloride
cid1915,Testolactone
cid1916,Testosterone
cid1917,Testosterone Propionate
cid1918,Tetrabenazine
cid1919,Tetracaine
cid1920,Tetracycline
cid1921,Tetrahydroalstonine
cid1922,Tetryzoline
cid1923,Thalidomide
cid1924,Thenalidine
cid1925,Theobromine
cid1926,Theophylline
cid1927,Thiabendazole
cid1928,Thiamine
cid1929,Thiamphenicol
cid1930,Thiazosulfone
cid1931,Thiethylperazine
cid1932,Thiocolchicoside
cid1933,Thiomersal; Thimerosal
cid1934,Thioneine; Thiolhistidine-betaine; Thiasine; L-(+)-Ergothioneine
cid1935,Thioproperazine
cid1936,thioridazine
cid1937,Thiotepa
cid1938,Thiothixene
cid1939,Thymol
cid1940,Thymopentin
cid1941,Thymoquinone
cid1942,Tiagabine
cid1943,Tianeptine sodium
cid1944,Tiapride
cid1945,Tiaprofenic acid
cid1946,Tibalosin
cid1947,Tibolone
cid1948,Ticagrelor
cid1949,Ticarcillin
cid1950,Ticlopidine
cid1951,Tienilic acid; ticrynafen
cid1952,Tigecycline
cid1953,Tilidine hydrochloride
cid1954,Tiliquinol
cid1955,Timodepressin
cid1956,Timodolic acid; Thymodolic acid; Pidotimod
cid1957,Timogen; Glufanide; Oglufanide disodium
cid1958,Timolol
cid1959,Timolol maleate
cid1960,Timonacic; DL-Thiaproline; Thioproline; Norgamen; Thiazolidin?
cid1961,Tinazoline hydrochloride
cid1962,Tinidazole
cid1963,Tioconazole
cid1964,Tiopronin
cid1965,Tiotropium bromide
cid1966,Tioxidazole?
cid1967,Tipiracil
cid1968,Tipranavir
cid1969,Tiprolisant; Pitolisant
cid1970,Tiracizine hydrochloride
cid1971,Tiratricol
cid1972,Tirilazad mesylate
cid1973,Titanox
cid1974,Tizanidine
cid1975,Tobramycin
cid1976,Tocainide hydrochloride
cid1977,Tocoretinate
cid1978,Tofacitinib; Tasocitinib
cid1979,Tofizopam; Tofisopam
cid1980,Tolazamide
cid1981,Tolazoline
cid1982,tolbutamide
cid1983,Tolcapone
cid1984,Tolfenamic acid
cid1985,Tolmetin
cid1986,Tolnaftate
cid1987,Toloxatone
cid1988,Tolperisone hydrochloride
cid1989,Tolterodine
cid1990,Tolvaptan
cid1991,Topiramate
cid1992,Topotecan
cid1993,Torasemide
cid1994,Tosufloxacin (hydrochloride)
cid1995,Tramadol HCl
cid1996,Trametinib
cid1997,Trandolapril
cid1998,Tranexamic Acid
cid1999,Tranilast
cid2000,trans-10-cis-12-Conjugated linoleic acid
cid2001,trans-Capsaicin; Capsaicin
cid2002,trans-Isohumulone
cid2003,Tranylcypromine
cid2004,Trapidil
cid2005,Travoprost
cid2006,Trazodone HCl
cid2007,Treprostinil
cid2008,Tretinoin
cid2009,Triamcinolone
cid2010,Triamcinolone acetonide
cid2011,Triamcinolone benetonide
cid2012,Triamterene
cid2013,Triazolam
cid2014,Tribenoside
cid2015,Trichlormethiazide
cid2016,Triclabendazole
cid2017,Triclocarban
cid2018,Triclosan
cid2019,Tridihexethyl
cid2020,Trientine hydrochloride
cid2021,Triethyl citrate
cid2022,trifluoperazine
cid2023,Triflupromazine
cid2024,Trifluridine
cid2025,Triflusal
cid2026,Trihexyphenidyl
cid2027,Trilostane
cid2028,Trimazosin hydrochloride
cid2029,Trimebutine maleate
cid2030,Trimeprazine
cid2031,Trimetazidine
cid2032,Trimethadione
cid2033,Trimethobenzamide
cid2034,Trimethoprim
cid2035,Trimetoquinol hydrochloride; Trimethoquinol hydrochloride; Tretoquinol hydrochloride?
cid2036,Trimipramine
cid2037,Trioxsalen
cid2038,Tripelennamine
cid2039,Triprolidine
cid2040,Trisodium citrate; Citric acid
cid2041,Troglitazone
cid2042,Troleandomycin
cid2043,Trolox
cid2044,Tromantadine hydrochloride
cid2045,Tropicamide
cid2046,Tropisetron
cid2047,Tropolone
cid2048,Trospium
cid2049,Trovafloxacin
cid2050,Troxerutin
cid2051,Troxipide
cid2052,Tryptoline
cid2053,Tubocurarine
cid2054,Tulobuterol hydrochloride
cid2055,Tylosin
cid2056,Ubenimex; Ubestatin
cid2057,Umeclidinium bromide
cid2058,Unoprostone
cid2059,Urapidil
cid2060,Ursodeoxycholic acid
cid2061,Valacyclovir HCl
cid2062,Valdecoxib
cid2063,Valganciclovir
cid2064,Valnemulin
cid2065,Valnoctamide
cid2066,Valpromide
cid2067,Valsartan
cid2068,Vancomycin
cid2069,Vandetanib
cid2070,Vanillic acid
cid2071,Vaniprevir
cid2072,Vardenafil
cid2073,Varenicline
cid2074,Vasopressin; argipressin
cid2075,Vecuronium
cid2076,Velnacrine
cid2077,Vemurafenib
cid2078,Venetoclax
cid2079,Venlafaxine HCl
cid2080,Veralipride
cid2081,Verapamil
cid2082,Vesnarinone
cid2083,Vidarabine
cid2084,Vigabatrin
cid2085,Vildagliptin
cid2086,Viloxazine hydrochloride
cid2087,Vincamine
cid2088,Vindesine
cid2089,Vindoline
cid2090,Vindolinine
cid2091,Vinorelbine
cid2092,Vinpocetine
cid2093,Viomycin Sulfate
cid2094,Vismodegib
cid2095,Vitamin A
cid2096,Vitamin A palmitate; Retinol palmitate
cid2097,Vitamin B3; Niacinamide; Nicotinamide
cid2098,Vitamin C
cid2099,Vitamin E acetate
cid2100,Voglibose
cid2101,Vorapaxar
cid2102,Voriconazole
cid2103,Vorinostat
cid2104,Warfarin
cid2105,Xamoterol
cid2106,Xanthophyll
cid2107,Xipamide
cid2108,Xuriden
cid2109,Xylitol
cid2110,Xylometazoline hydrochloride
cid2111,yohimbine
cid2112,Zafirlukast
cid2113,Zalcitabine
cid2114,Zaleplon
cid2115,Zaltoprofen
cid2116,Zanamivir
cid2117,Zidovudine
cid2118,Zileuton
cid2119,Zimeldine hydrochloride; Zimelidine hydrochloride
cid2120,Zinc acexamate; acexamic acid
cid2121,Zinc gluconate
cid2122,Zinc lactate
cid2123,Ziprasidone
cid2124,Zofenopril calcium
cid2125,Zoledronic Acid
cid2126,Zolmitriptan
cid2127,Zolpidem
cid2128,Zomepirac sodium
cid2129,Zonisamide
cid2130,Zopiclone
cid2131,Zotepine
cid2132,Zucapsaicin; Civamide; (Z)-Capsaicin
cid2133,Zuclomiphene; cis-Clomiphene
cid2134,Zuclopenthixol
